Name;PIN;Balance;Account Number
John Doe;012108;1000;112233
Jane Doe;932012;1000;112244
Rizky;000001;1000;000001
Yoga;000002;1000;000002
Oktora;000003;1000;000003
Jean;000004;1000;000004
Bruce;000005;1000;000005
Diana;000006;1000;000006
Clark;000007;1000;000007
Hal;000008;1000;000008
Tiara;000009;1000;000009
Tony;000010;1000;000010
Steve;000011;1000;000011
Natasha;000012;1000;000012
Mike;000013;1000;000013
Angel;000014;1000;000014
Leo;000015;1000;000015
Buble;000016;1000;000016
Risa;000017;1000;000017
Dola;000018;1000;000018
Cara Casey;000019;1000;000019
Waleed Grant;000020;1000;000020
Agnes Mclaughlin;000021;1000;000021
Jasmin Castaneda;000022;1000;000022
Mary Wise;000023;1000;000023
Borys Peel;000024;1000;000024
Kiya Millar;000025;1000;000025
Willow Whyte;000026;1000;000026
Jareth Hunt;000027;1000;000027
Alba Curran;000028;1000;000028
Arham Woods;000029;1000;000029
Youssef Flowers;000030;1000;000030
Maia Forbes;000031;1000;000031
Patrycja Carson;000032;1000;000032
Colby Jarvis;000033;1000;000033
Dayna Owen;000034;1000;000034
Allen Wall;000035;1000;000035
Linzi Hatfield;000036;1000;000036
Ava-Rose Duggan;000037;1000;000037
Jenna Orr;000038;1000;000038
Billy-Joe Camacho;000039;1000;000039
Robbie Pitts;000040;1000;000040
Federico Seymour;000041;1000;000041
Roxie Levine;000042;1000;000042
Shae Mcfarland;000043;1000;000043
Abby Foley;000044;1000;000044
Brady Sykes;000045;1000;000045
Karis Malone;000046;1000;000046
Bartlomiej Berger;000047;1000;000047
Chelsea Sawyer;000048;1000;000048
Sam Nguyen;000049;1000;000049
Georgina Vu;000050;1000;000050
Tracey Vaughan;000051;1000;000051
Nahla Clark;000052;1000;000052
Ayana Holcomb;000053;1000;000053
Bobbi Cobb;000054;1000;000054
Casper Nichols;000055;1000;000055
Paige Wilde;000056;1000;000056
Kaan Frey;000057;1000;000057
Connor Fountain;000058;1000;000058
Indigo Tillman;000059;1000;000059
Cathy Elliott;000060;1000;000060
Bobbie Fowler;000061;1000;000061
Katya Vasquez;000062;1000;000062
Aida Walmsley;000063;1000;000063
Finnian Higgs;000064;1000;000064
Eleni Reynolds;000065;1000;000065
Dwayne Jordan;000066;1000;000066
Hashim Pruitt;000067;1000;000067
Olli Delacruz;000068;1000;000068
Havin Simmonds;000069;1000;000069
Jocelyn Cochran;000070;1000;000070
Merryn Sexton;000071;1000;000071
Eshaal Bateman;000072;1000;000072
Leticia Giles;000073;1000;000073
Gordon Deacon;000074;1000;000074
Amelia-Mae Handley;000075;1000;000075
Kaycee Whitney;000076;1000;000076
Beverley Sears;000077;1000;000077
Safwan Griffith;000078;1000;000078
Terence Buck;000079;1000;000079
Oisin Cantu;000080;1000;000080
Callan Snyder;000081;1000;000081
Robin Henderson;000082;1000;000082
Kester Bernard;000083;1000;000083
Brandon-Lee Espinoza;000084;1000;000084
Amina Munoz;000085;1000;000085
Greyson Emerson;000086;1000;000086
Hester Ferguson;000087;1000;000087
Mia-Rose Bowler;000088;1000;000088
Brianna Collier;000089;1000;000089
Elsie-Mae Jeffery;000090;1000;000090
Josiah Traynor;000091;1000;000091
Debra Reeve;000092;1000;000092
Sabah Daly;000093;1000;000093
Shyam Craft;000094;1000;000094
Jawad Carroll;000095;1000;000095
Owais Merrill;000096;1000;000096
Devon Barajas;000097;1000;000097
Larry Mendez;000098;1000;000098
Cairo Turner;000099;1000;000099
Carol Roberson;000100;1000;000100
Alia Baker;000101;1000;000101
Tamara Sheridan;000102;1000;000102
Hannah Bowes;000103;1000;000103
Victoria Rankin;000104;1000;000104
Justine Fritz;000105;1000;000105
Roma Bass;000106;1000;000106
Safiyyah Beasley;000107;1000;000107
Lilly-Mae Nash;000108;1000;000108
Hajrah Meza;000109;1000;000109
Don Drummond;000110;1000;000110
Lily-Grace Blanchard;000111;1000;000111
Alya Hopkins;000112;1000;000112
Chloe-Ann Spooner;000113;1000;000113
Hina Mccormick;000114;1000;000114
Abigale Halliday;000115;1000;000115
Roberta Carey;000116;1000;000116
Francis Bishop;000117;1000;000117
Elize Chase;000118;1000;000118
Diane Shaw;000119;1000;000119
Nikolas Peck;000120;1000;000120
Shivam Bannister;000121;1000;000121
Ashlee Mayer;000122;1000;000122
Kamil Whitaker;000123;1000;000123
Ailsa Bowman;000124;1000;000124
Claire Woodard;000125;1000;000125
Nathanael Horner;000126;1000;000126
Elle Orozco;000127;1000;000127
Mila-Rose Nolan;000128;1000;000128
Maximillian Floyd;000129;1000;000129
Herbert Lyon;000130;1000;000130
Ollie Contreras;000131;1000;000131
Yousuf Benjamin;000132;1000;000132
Ingrid Hall;000133;1000;000133
Rogan Traynor;000134;1000;000134
Gurdeep Salas;000135;1000;000135
Teri Schneider;000136;1000;000136
Yu Travers;000137;1000;000137
Ria Bird;000138;1000;000138
Mariyah Hernandez;000139;1000;000139
Markus Hensley;000140;1000;000140
Mathias King;000141;1000;000141
Kerry Briggs;000142;1000;000142
Jess Randall;000143;1000;000143
Vicky Brookes;000144;1000;000144
Kitty Short;000145;1000;000145
Umer Robbins;000146;1000;000146
Don Whitley;000147;1000;000147
Hubert Cherry;000148;1000;000148
Nicholas Healy;000149;1000;000149
Farhan O'Quinn;000150;1000;000150
Patrick Sexton;000151;1000;000151
Dustin Austin;000152;1000;000152
Walter Booth;000153;1000;000153
Danica Bate;000154;1000;000154
Ema Barton;000155;1000;000155
Azra Tapia;000156;1000;000156
Jayden-Lee Holcomb;000157;1000;000157
Jesse Cobb;000158;1000;000158
Milton Montgomery;000159;1000;000159
Ravi Greenaway;000160;1000;000160
Malcolm Middleton;000161;1000;000161
Harvie Gough;000162;1000;000162
Gareth Crane;000163;1000;000163
Willa Chase;000164;1000;000164
Millicent Goddard;000165;1000;000165
Diogo Mair;000166;1000;000166
Eleasha Key;000167;1000;000167
Gabrielius Page;000168;1000;000168
Virgil Alcock;000169;1000;000169
Asif Casey;000170;1000;000170
Carolyn Good;000171;1000;000171
Orla Oconnor;000172;1000;000172
Rita Montes;000173;1000;000173
Susanna Gilliam;000174;1000;000174
Nel Payne;000175;1000;000175
Wilma England;000176;1000;000176
Vikram Martins;000177;1000;000177
Kishan Perry;000178;1000;000178
Adelaide Porter;000179;1000;000179
Gracie Busby;000180;1000;000180
Garrett Cote;000181;1000;000181
Tyreke Farrow;000182;1000;000182
Suman Young;000183;1000;000183
Cole Spence;000184;1000;000184
Sahar Connolly;000185;1000;000185
Kamal Mckenna;000186;1000;000186
Mikayla Burgess;000187;1000;000187
Alisa Corbett;000188;1000;000188
Oliver Calvert;000189;1000;000189
Elias Lacey;000190;1000;000190
Corinne Green;000191;1000;000191
Atif Hyde;000192;1000;000192
Keziah Hodgson;000193;1000;000193
Jaeden Joyce;000194;1000;000194
Darrel Hutchinson;000195;1000;000195
Antonia Grey;000196;1000;000196
Rian Neville;000197;1000;000197
Shreya Hunt;000198;1000;000198
